date,fitted_clp_oos,res_fx_oos,z_fx_oos,n_train_fx,clp,y10_clp_oos,fitted_y10_clp_oos,res_y10_oos,z_y10_oos,n_train_y10,stress_market_oos,stress_market_oos_30d,regime_oos
2014-10-13,609.545537803659,-0.025329417135425025,-1.8866402020293855,500,594.3,4.712,4.4923093453654666,0.2196906546345332,1.8027504214188053,500,-0.04194489030529014,NA,NA
2014-10-20,598.7424667598859,-0.018768104499332416,-1.3713423816560217,505,587.61,4.5810843373494,4.49289393806672,0.0881903992826798,0.7233132364940426,505,-0.3240145725809896,NA,NA
2014-10-27,604.9653126903765,-0.03492773203744992,-2.5162632221741896,510,584.2,4.43142857142857,4.485221940389296,-0.05379336896072662,-0.4429264121822781,510,-1.4795948171782338,NA,NA
2014-11-04,604.8729574486774,-0.04092195017129718,-2.8686955479649794,515,580.62,4.47021741501235,4.50258679230177,-0.03236937728942024,-0.26767951867877526,515,-1.5681875333218773,-0.8534354533465978,Condiciones benignas
2014-11-11,598.150749543811,-0.019960040714583016,-1.3860241350626341,520,586.33,4.51808219178082,4.524730458503766,-0.006648266722946161,-0.055198865538875014,520,-0.7206115003007546,-0.8268706627374292,Condiciones benignas
2014-11-18,599.6891550104767,-0.007480360881515047,-0.5204990247850183,525,595.22,4.43284972005429,4.467628014267904,-0.03477829421361367,-0.29012037787944767,525,-0.405309701332233,-0.7566105025032297,Condiciones benignas
2014-11-25,593.8693526013628,8.258463325265808e-4,0.057706307285459016,530,594.36,4.37867667597765,4.445734781771808,-0.06705810579415772,-0.5607277073007103,530,-0.25151070000762565,-0.791538137453619,Condiciones benignas
2014-12-02,590.2318905594647,0.034237706710917415,2.3978142579127493,535,610.79,4.37769230769231,4.463719673326553,-0.08602736563424251,-0.7219671159271687,535,0.8379235709927904,-0.5978817801913223,Condiciones neutrales
2014-12-10,607.4602673906378,0.010333495532242942,0.7121075842917516,540,613.77,4.37721684298607,4.403241220049601,-0.026024377063531112,-0.21921505235114624,540,0.24644626597030267,-0.31020826633323295,Condiciones neutrales
2014-12-17,611.9246961285093,0.015381860123427238,1.0643165330374473,545,621.41,4.33516130652005,4.406349230959886,-0.07118792443983679,-0.6017809614765114,545,0.23126778578046797,-0.010299046482842042,Condiciones neutrales
2014-12-24,616.0589963462966,-0.01239512258598996,-0.860396177035105,550,608.47,4.36900406504065,4.452025557469614,-0.08302149242896473,-0.7038636326129527,550,-0.7821299048240289,-0.020552113903387754,Condiciones neutrales
2015-01-05,618.4970304398065,-0.009792428964418676,-0.6811671453962828,555,612.47,4.35380952380952,4.35773701512365,-0.003927491314129838,-0.033414442765274686,555,-0.35729079408077874,-0.012548962694812047,Condiciones neutrales
2015-01-12,619.1148786877673,-0.008247056117790308,-0.5759479378445557,560,614.03,4.25379180151025,4.268992234415673,-0.015200432905423611,-0.12909313789459695,560,-0.3525205378695763,-0.029383935671803824,Condiciones neutrales
2015-01-19,622.4511498026695,0.007297338422032951,0.51004556843854,565,627.01,4.18053495548361,4.24407066850987,-0.06353571302626015,-0.5418603735125965,565,-0.01590740253702827,-0.1716890979267736,Condiciones neutrales
2015-01-26,623.2452136741592,0.00501717293677828,0.35092761351975393,570,626.38,4.13617391304348,4.246083654184233,-0.10990974114075236,-0.9388942665177349,570,-0.2939833264989905,-0.2617606966716558,Condiciones neutrales
2015-02-02,634.3900591373908,-0.0037271391153961275,-0.2614012365044801,575,632.03,4.13862349914237,4.171526255400176,-0.0329027562578057,-0.28176122801180564,575,-0.2715812322581429,-0.3455688663447576,Condiciones neutrales
2015-02-09,634.3278293496734,-0.0176823611491983,-1.2445334825160612,580,623.21,4.27020297029703,4.2617827559676105,0.008420214329419196,0.07236797118983027,580,-0.5860827556631155,-0.3128943414846054,Condiciones neutrales
2015-02-16,629.1849432837305,-0.014415482476604957,-1.01665322973941,585,620.18,4.20538461538461,4.2459918842219615,-0.04060726883735111,-0.3504789135120576,585,-0.6835660716257338,-0.3672735544087645,Condiciones neutrales
2015-02-23,634.0666346560466,-0.02751195711286325,-1.9382347512272302,590,616.86,4.2,4.229053741868444,-0.029053741868444227,-0.25150503799013874,590,-1.0948698946086846,-0.4909984471986159,Condiciones neutrales
2015-03-02,629.5025470298311,-0.01721242422344904,-1.2098284209832078,595,618.76,4.21833333333333,4.239297890847617,-0.020964557514286497,-0.18223319677310382,595,-0.6960308088781558,-0.6043523482554705,Condiciones neutrales
2015-03-09,638.3171819902537,-0.021595791641743745,-1.5073308778188388,600,624.68,4.32799363057325,4.286917582645117,0.04107604792813291,0.35843048343624706,600,-0.5744501971912959,-0.6510968267041881,Condiciones neutrales
2015-03-16,640.6815731985074,-0.0025968150184922933,-0.18112383363184537,605,639.02,4.34214285714285,4.246397640052342,0.0957452170905082,0.838620556796649,605,0.32874836158240184,-0.5510418943974307,Condiciones neutrales
2015-03-23,622.004851934163,0.021653007252536938,1.509619179738215,610,635.62,4.35642857142857,4.153957521084713,0.20247105034385715,1.763730974039087,610,1.6366750768886509,-0.1805822556388029,Condiciones neutrales
2015-03-30,624.1030769305816,-0.002106158804256353,-0.1470958894672028,615,622.79,4.45,4.193261010787797,0.2567389892122032,2.2198426301048992,615,1.0363733703188482,0.10607431801862745,Condiciones neutrales
2015-04-07,613.9356093676023,-0.005218715218714642,-0.3658355899740281,620,610.74,4.495677966101695,4.1877206330514944,0.3079573330502008,2.6112335680376813,620,1.1226989890318266,0.47566913195871263,Condiciones neutrales
2015-04-14,614.9222657676204,0.009996236873349496,0.7033676221829553,625,621.1,4.55019607843138,4.228926308738675,0.32126976969270515,2.675803915382703,625,1.6895857687828293,0.8732718949022101,Estrés moderado
2015-04-21,608.465273273109,0.011365120143367768,0.8009073386963952,630,615.42,4.50145161290323,4.229811474446066,0.2716401384571636,2.212049148973352,630,1.5064782438348736,1.2200933017399052,Estrés moderado
2015-04-28,603.5374028593478,0.012419868311476456,0.8734131119178216,635,611.08,4.45424627307177,4.260022628048098,0.19422364502367184,1.5660506212827077,635,1.2197318666002646,1.3685905525762156,Estrés moderado
2015-05-06,609.95970027016,0.0031596379412484055,0.22274384973757472,640,611.89,4.52865324692357,4.341972168670367,0.18668107825320313,1.4998165886833439,640,0.8612802192104593,1.2393580762965168,Estrés moderado
2015-05-13,606.0590189777939,0.0020619967147448293,0.1458729838827009,645,607.31,4.59188559057959,4.37330130525125,0.2185842853283404,1.7418759039628733,645,0.9438744439227871,1.22394158856384,Estrés moderado
2015-05-20,607.7859607880362,-0.007756342487310164,-0.5493878559269465,650,603.09,4.56689935064935,4.356906375480843,0.20999297516850657,1.6573660883432861,650,0.5539891162081698,1.1291566097598973,Estrés moderado
2015-05-28,613.081580971782,0.004976198574362378,0.3535046232106902,655,616.14,4.55992518703242,4.33059061116537,0.22933457586704975,1.7967154071902351,655,1.0751100152004627,1.026743984162836,Estrés moderado
2015-06-04,609.3181732949415,0.02702576208981977,1.9190806859386946,660,626.01,4.60238095238095,4.374341989338962,0.22803896304198812,1.7730260460438267,660,1.8460533659912608,1.0833398378555674,Estrés moderado
2015-06-11,606.915578436781,0.02848156092742027,1.9853581578226136,665,624.45,4.6,4.456261075494712,0.14373892450528736,1.1146458685992533,665,1.5500020132109333,1.138384862290679,Estrés moderado
2015-06-18,613.5659570510904,0.03873698674798831,2.6675576410407373,670,637.8,4.70928108623154,4.377260749560776,0.33202033667076414,2.5504406553337935,670,2.6089991481872654,1.42967135045348,Estrés moderado
2015-06-25,624.4588879685247,0.013300526033854787,0.9091988992550749,675,632.82,4.72594666666666,4.443428388372276,0.2825182782943845,2.1368063501020567,675,1.5230026246785657,1.5261927139127762,Estrés alto
2015-07-03,643.7588218986215,-0.01052310355069963,-0.7214263226440331,680,637.02,4.67,4.4536551952529315,0.2163448047470684,1.624210228964849,680,0.451391953160408,1.5090931867381494,Estrés alto
2015-07-10,640.979610095586,0.009255907605964175,0.6361288437414475,685,646.94,4.53820875000001,4.481701724881447,0.05650702511856309,0.4227219737216393,685,0.5294254087315434,1.4181457523266627,Estrés moderado
2015-07-20,642.2360431731211,0.0041393614059108685,0.2849246850513676,690,644.9,4.53421686746988,4.512001186526632,0.022215680943247662,0.16675940516456952,690,0.22584204510796857,1.1481105321794474,Estrés moderado
2015-07-27,654.2216230329078,0.00980830442610614,0.675151262795394,695,660.67,4.51000768535262,4.460951494842821,0.04905619050979926,0.3695182849793558,695,0.5223347738873749,0.9768326589588543,Estrés moderado
2015-08-03,653.0788064604322,0.02723525226075907,1.8632351875583264,700,671.11,4.5078453038674,4.487025635363395,0.020819668504005406,0.1573636310417437,700,1.010299409300035,0.7103827024776492,Condiciones neutrales
2015-08-10,652.9462076576536,0.038183371839044966,2.5691202022513484,705,678.36,4.53096774193548,4.551849222237692,-0.020881480302212374,-0.1583593058201045,705,1.2053804482156218,0.6574456730671586,Condiciones neutrales
2015-08-17,670.4368589943423,0.01977982046351645,1.3204387595512774,710,683.83,4.48254004060456,4.56172057280164,-0.07918053219708021,-0.6023630254968878,710,0.3590378670271948,0.6420533253782897,Condiciones neutrales
2015-08-24,712.3071680805898,-0.026123732784527398,-1.7413996041289685,715,693.94,4.4923869801085,4.379793651052047,0.1125933290564527,0.8589944535013552,715,-0.4412025753138067,0.48028199470406474,Condiciones neutrales
2015-08-31,704.2823759338277,-0.02031388240313703,-1.3543527303760485,720,690.12,4.46818147989123,4.472169071840227,-0.003987591948996894,-0.030510499085049107,720,-0.6924316147305488,0.3272363847309785,Condiciones neutrales
2015-09-07,703.5962724731796,-0.0177465628004283,-1.1835071188540305,725,691.22,4.53763636363636,4.4848702586527125,0.052766104983647644,0.4051049032722337,725,-0.3892011077908984,0.17531373778459963,Condiciones neutrales
2015-09-14,699.2466484678928,-0.021256459195840627,-1.4180796627845533,730,684.54,4.64279462597013,4.512224003904347,0.1305706220657834,1.0032791245723536,730,-0.20740026910609988,-0.027636208616422853,Condiciones neutrales
2015-09-22,694.6740845151871,-0.017431212141086228,-1.159610980430828,735,682.67,4.64214285714286,4.588064239161934,0.054078617980925614,0.41553734201161585,735,-0.37203681920960613,-0.29053908652062754,Condiciones neutrales
2015-09-29,697.4546402547104,0.011171586061835548,0.7447512312582851,740,705.29,4.55982602684512,4.668517457776662,-0.10869143093154232,-0.8377327560618931,740,-0.046490762401804,-0.3581271914254607,Condiciones neutrales
2015-10-06,691.4146033183308,-0.008109865034984232,-0.5420752451359986,745,685.83,4.47543950928309,4.579143443080273,-0.10370393379718301,-0.8003019813560502,745,-0.6711886132460244,-0.3964581977474969,Condiciones neutrales
2015-10-14,682.2558817323525,0.0011632827014436131,0.07791385975423067,750,683.05,4.45168212865329,4.505245552850113,-0.05356342419682303,-0.4137878799162027,750,-0.16793701008098602,-0.3090424303059031,Condiciones neutrales
2015-10-21,682.044744646398,0.0031696243688950076,0.21295261251593403,755,684.21,4.47297796730633,4.523834766411937,-0.05085679910560703,-0.39393125668779366,755,-0.09048932208592982,-0.2592571326884084,Condiciones neutrales
2015-10-28,687.8669957498616,-6.063994903406922e-4,-0.04082145747889951,760,687.45,4.44084651829322,4.47306320551964,-0.03221668722641979,-0.2503018119956035,760,-0.14556163473725148,-0.24895069362693364,Condiciones neutrales
2015-11-04,688.9290462593722,0.0032764648374481453,0.2212595785060888,765,691.19,4.48928867950591,4.457623661962458,0.0316650175434523,0.24674353726857712,765,0.23400155788733296,-0.14794429744411047,Condiciones neutrales
2015-11-11,691.3318514441377,0.016310101602512894,1.1037151662060678,770,702.7,4.63859350547731,4.599261381468821,0.039332124008488734,0.30741674124039375,770,0.7055659537232308,-0.022601511423271322,Condiciones neutrales
2015-11-18,700.144416038648,0.014626025179573787,0.9906697386605315,775,710.46,4.56914534041526,4.564378914538505,0.0047664258767552425,0.03736603552502555,775,0.5140178870927785,0.1749329052998625,Condiciones neutrales
2015-11-25,699.5350341027595,0.01684709535381934,1.1389836560729119,780,711.42,4.51080225193526,4.554720487454933,-0.04391823551967278,-0.3453835389928325,780,0.3968000585400397,0.26905575007003346,Condiciones neutrales
2015-12-02,704.8176077366134,0.003303750556409746,0.2235273948831433,785,707.15,4.59641223289978,4.516529886697889,0.07988234620189161,0.6298382291152196,785,0.42668281199918145,0.3552511057508853,Condiciones neutrales
2015-12-10,713.949532409969,-0.01304009660925054,-0.884650443797335,790,704.7,4.61285714285714,4.52288223956355,0.08997490329358993,0.7112373988750829,790,-0.08670652246112609,0.3650602911302396,Condiciones neutrales
2015-12-17,715.1824442466043,-0.008357802433153871,-0.5671840300916051,795,709.23,4.63292682926829,4.605666514736736,0.027260314531553753,0.2157790177875744,795,-0.17570250615201535,0.2967762804570148,Condiciones neutrales
2015-12-24,708.2191018255539,-0.017030357878897284,-1.1558457946472838,800,696.26,4.64753846153846,4.651328723034137,-0.003790261495677072,-0.030093638792177562,800,-0.5929697167197306,0.08035366871652126,Condiciones neutrales
2016-01-05,721.9064918735048,-0.006903462775047053,-0.46835809378071547,805,716.94,4.61279841505696,4.711821952578973,-0.09902353752201254,-0.7884460079977258,805,-0.6284020508892206,-0.1100496542804786,Condiciones neutrales
2016-01-12,732.140859493079,-0.003229807591915268,-0.21918550709317683,810,729.78,4.58346193415638,4.75717388084059,-0.17371194668421008,-1.3810776196101793,810,-0.800131563351678,-0.3095382579290982,Condiciones neutrales
2016-01-19,731.7744109324234,-0.002153815455702812,-0.14649884987991896,815,730.2,4.55888888888889,4.8099573499251775,-0.25106846103628744,-1.980191979217958,815,-1.0633454145489385,-0.5578762956871182,Condiciones neutrales
2016-01-26,737.389082012708,-0.027398482681451064,-1.8646014928236732,820,717.46,4.53339805825243,4.759296958081848,-0.22589889982941802,-1.7727977883410737,820,-1.8186996405823734,-0.8465418153739928,Condiciones benignas
2016-02-02,729.1634639876394,-0.020398918272207744,-1.3801670901627363,825,714.44,4.43921013460353,4.692128670966007,-0.2529185363624764,-1.9719600435408589,825,-1.6760635668517976,-1.0966019921572898,Condiciones benignas
2016-02-09,717.3246467298151,-0.010615727609767589,-0.7157044774258654,830,709.75,4.41470588235294,4.6657264747609375,-0.2510205924079978,-1.945052752885884,830,-1.3303786151558747,-1.2195034752299805,Condiciones benignas
2016-02-16,717.7224995069373,-0.02301892299938224,-1.5544607004135131,835,701.39,4.45,4.565642876346185,-0.1156428763461852,-0.8934961796499081,835,-1.2239784400317106,-1.318766206753729,Condiciones benignas
2016-02-23,712.0472709103261,-0.025989393567202868,-1.7529309071375612,840,693.78,4.45,4.532500895208152,-0.08250089520815163,-0.6381556630377799,840,-1.1955432850876706,-1.3846681603763942,Condiciones benignas
2016-03-01,717.6971502062341,-0.03333079641483838,-2.2241065668402813,845,694.17,4.43388888888889,4.538554766557851,-0.1046658776689613,-0.8107709990928601,845,-1.5174387829665708,-1.4603503884459996,Condiciones benignas
2016-03-08,701.9739393617998,-0.029409291289458572,-1.9431619666040667,850,681.63,4.44266666666667,4.472748020194285,-0.03008135352761432,-0.23339267581907722,850,-1.088277321211572,-1.3386133352175327,Condiciones benignas
2016-03-15,700.3751296992267,-0.022576886904309923,-1.47607325836139,855,684.74,4.45,4.5168477143100425,-0.06684771431004233,-0.5198857689104213,855,-0.9979795136359056,-1.2255993263482174,Condiciones benignas
2016-03-22,689.396171812954,-0.01737702852820444,-1.1342134607963072,860,677.52,4.44,4.457019467004276,-0.01701946700427559,-0.1326930443513693,860,-0.6334532525738383,-1.1094450992512113,Condiciones benignas
2016-03-30,686.3250673231133,-0.00462228181073332,-0.3015306920706517,865,683.16,4.42,4.363576278277982,0.05642372172201782,0.4411440873311546,865,0.06980669763025146,-0.8938142429742176,Condiciones benignas
2016-04-06,693.1938951561773,-0.026700769254633272,-1.7375159594159213,870,674.93,4.425,4.326518110894497,0.0984818891055026,0.7705928568851355,870,-0.4834615512653929,-0.775133954003838,Condiciones benignas
2016-04-13,691.5565645281172,-0.024854672521107624,-1.6147514655400237,875,674.58,4.3709375,4.29402278733928,0.07691471266072014,0.6022040247014095,875,-0.5062737204193071,-0.606606443579294,Condiciones neutrales
2016-04-20,684.0735435514367,-0.039012487562799514,-2.519718808629496,880,657.9,4.36425,4.316306543719747,0.04794345628025276,0.37623529519261645,880,-1.0717417567184397,-0.60385051616377206,Condiciones neutrales
2016-04-27,680.4956084398549,-0.017022360939561665,-1.0896605215035768,885,669.01,4.41,4.372902123095006,0.03709787690499411,0.2918769624074981,885,-0.39889177954803934,-0.504002560482461,Condiciones neutrales
2016-05-04,675.0604413957974,-0.010678740354139293,-0.6827639433545313,890,667.89,4.410625,4.358030418197988,0.05259458180201193,0.41452028020219356,890,-0.13412183157616886,-0.4207806569828494,Condiciones neutrales
2016-05-11,682.9516449050093,-0.00845740871620837,-0.5407910445923342,895,677.2,4.45391304347826,4.381956710459818,0.07195633301844229,0.5685947494562692,895,0.01390185243196751,-0.4300981311825634,Condiciones neutrales
2016-05-18,692.1273702920622,9.2805397402973e-4,0.05948882752125452,900,692.77,4.53,4.458696742726822,0.07130325727317821,0.5641767377315586,900,0.31183278262640657,-0.2975490755339302,Condiciones neutrales
2016-05-25,700.3406924421226,-0.010724528725351234,-0.6891512970552718,905,692.87,4.57867647058824,4.45731346353687,0.12136300705136982,0.9612103631926494,905,0.1360295330686888,-0.19049853328593083,Condiciones neutrales
2016-06-01,700.9656608355845,-0.01604270251222939,-1.0310707285940652,910,689.81,4.58545454545455,4.414369050785144,0.17108549466940648,1.354839811416365,910,0.16188454141114983,0.01510584973566742,Condiciones neutrales
2016-06-08,695.2981091570945,-0.022468502036174343,-1.443382059922324,915,679.85,4.52857142857143,4.29208847362484,0.23648295494658989,1.8677076224488178,915,0.21216278126324695,0.11694827653754847,Condiciones neutrales
2016-06-15,708.7502879858653,-0.029220359460996548,-1.8555457300018354,920,688.34,4.54038461538461,4.22896565588783,0.31141895949678045,2.430900860405736,920,0.2876775652019502,0.1872481760005683,Condiciones neutrales
2016-06-22,704.7403827962765,-0.04159202988180599,-2.6269572503563974,925,676.03,4.5774358974359,4.244607524976811,0.33282837245908947,2.572191335014168,925,-0.02738295767111465,0.18036737431672129,Condiciones neutrales
2016-06-30,693.0295948631544,-0.04657783742551924,-2.901398149435601,930,661.49,4.45589211618259,4.3307247812090495,0.1251673349735407,0.9601537368407255,930,-0.9706222062974379,-0.033375123837252794,Condiciones neutrales
2016-07-07,689.5988570391156,-0.037060134973213366,-2.271736519723749,935,664.51,4.40675,4.3246654024927835,0.0820845975072162,0.63049431125032,935,-0.8206211042367146,-0.1928168967214867,Condiciones neutrales
2016-07-14,685.0414126088563,-0.03997045628886742,-2.41037670084773,940,658.2,4.3786033519553,4.341973167522966,0.03663018443233401,0.28195607976524895,940,-1.0642103105412404,-0.3971660387135517,Condiciones neutrales
2016-07-21,683.7761919207803,-0.04846071285203113,-2.871784921241096,945,651.43,4.39954545454544,4.3536715335193,0.045873921026140074,0.3540249779970812,945,-1.2588799716220076,-0.6423398308610941,Condiciones neutrales
2016-07-28,684.9090085711441,-0.02958918421489809,-1.7251795114258206,950,664.94,4.455,4.286376046500148,0.1686239534998517,1.3022654548921493,950,-0.21145702826683566,-0.7255289297725585,Condiciones neutrales
2016-08-04,680.3722245717345,-0.03463643536796379,-2.0025562302286555,955,657.21,4.3633116883117,4.270761420270503,0.09255026804119648,0.714536208482829,955,-0.6440100108729132,-0.8283001053061916,Condiciones benignas
2016-08-11,678.4839994511634,-0.04398143856378933,-2.522964893889637,960,649.29,4.31430555555556,4.273163791221776,0.04114176433378347,0.3182097912922295,960,-1.1023775512987037,-0.8502593294730691,Condiciones benignas
2016-08-19,670.4676032147705,-0.02173837864962369,-1.2354632881174765,965,656.05,4.26,4.276437800841322,-0.01643780084132196,-0.12745464163885598,965,-0.6814589648781663,-0.8270656395799778,Condiciones benignas
2016-08-26,680.0638046269294,-0.020987047710138818,-1.1933277032167877,970,665.94,4.203125,4.242082767759637,-0.03895776775963711,-0.3028325037131536,970,-0.7480801034649707,-0.7743772717339329,Condiciones benignas
2016-09-02,676.9335297947504,0.004931393496429237,0.28046067909416184,975,680.28,4.25886363636364,4.296616875288354,-0.03775323892471416,-0.29418051088319175,975,-0.006859915894514956,-0.5657072624460174,Condiciones neutrales
2016-09-09,682.9492353935838,-0.03126072071915509,-1.7810180156494897,980,661.93,4.22296296296298,4.220662671581582,0.0023002913813980896,0.017966133552586607,980,-0.8815259410484515,-0.6773854145762868,Condiciones neutrales
2016-09-16,682.9121477863995,-0.017060718569871902,-0.9701990002470781,985,671.36,4.255,4.238765264402673,0.01623473559732691,0.12710125553770407,985,-0.42154887235468697,-0.6403085581565824,Condiciones neutrales
2016-09-26,677.6038107541847,-0.02676242270208551,-1.5226165956604545,990,659.71,4.2116666666666696,4.206578711802173,0.0050879548644964245,0.03992987835123802,990,-0.7413433586546082,-0.5801361927158998,Condiciones neutrales
2016-10-03,672.4091086942542,-0.021631621983662086,-1.2293684288097446,995,658.02,4.18,4.21205439084455,-0.032054390844550085,-0.2521641358156785,995,-0.7407662823127116,-0.5900207456216573,Condiciones neutrales
2016-10-11,674.4352543139439,-0.009692302774754857,-0.5510939059195687,1000,667.93,4.17,4.285110141915371,-0.1151101419153715,-0.9072316696636799,1000,-0.7291627877916242,-0.5868678596760996,Condiciones neutrales
2016-10-18,672.8940356658036,-0.003400120588569422,-0.19370447511619043,1005,670.61,4.2190625,4.2773106923333515,-0.05824819233335177,-0.4597092539952286,1005,-0.3267068645557095,-0.6401756844529654,Condiciones neutrales
2016-10-25,668.0050681846967,-0.011480333699274148,-0.6556374288790685,1010,660.38,4.170625,4.331750401438416,-0.16112540143841603,-1.2716712072587626,1010,-0.9636543180689155,-0.6538637472897093,Condiciones neutrales
2016-11-03,665.7497161046236,-0.0184947570329852,-1.0550692918923492,1015,653.55,4.25484848484849,4.263095403847629,-0.008246918999138764,-0.06510981255565564,1015,-0.5600895522240025,-0.676953860601262,Condiciones neutrales
2016-11-10,648.8196459228182,0.0032780516017272276,0.1871926601183992,1020,650.95,4.36904761904762,4.531851706854219,-0.16280408780659883,-1.2847832642634966,1020,-0.5487953020725487,-0.6448625178375853,Condiciones neutrales
2016-11-17,646.8272242680342,0.0437735639407153,2.4892359035877427,1025,675.77,4.58227272727272,4.61308603448127,-0.030813307208550356,-0.24344661905341652,1025,1.122894642267163,-0.3342523637409396,Condiciones neutrales
2016-11-24,652.0617876730499,0.040835202271787274,2.3010547850402414,1030,679.24,4.61615384615385,4.673802980954875,-0.05764913480102507,-0.45641543105080834,1030,0.9223196769947165,-0.05900528627654944,Condiciones neutrales
2016-12-01,649.9017455037107,0.03572619462639981,1.9939350266325957,1035,673.54,4.55909090909091,4.699429169019094,-0.14033825992818372,-1.1127032023646488,1035,0.44061591213397344,0.06888184317173106,Condiciones neutrales
2016-12-09,656.0749143430701,-7.490549277733294e-6,-4.161551317179632e-4,1040,656.07,4.39716981132076,4.651201766057923,-0.25403195473716345,-2.007016760860449,1040,-1.0037164579960836,0.062204819850536386,Condiciones neutrales
2016-12-16,663.2045670579154,7.1661540760104e-4,0.03984806431196043,1045,663.68,4.35981395348838,4.679953737899982,-0.3201397844116025,-2.5086046994819693,1045,-1.2343783175850045,-0.05017664104296395,Condiciones neutrales
2016-12-23,667.8915539533466,0.010527613881218478,0.5862351970212163,1050,674.96,4.376,4.633479650912253,-0.257479650912253,-1.9966344208389772,1050,-0.7051996119088805,-0.07624402601568592,Condiciones neutrales
2016-12-30,669.6856767991467,-0.0035837291653315617,-0.19999696575217163,1055,667.29,4.27,4.526663749379786,-0.2566637493797863,-1.9761905682230265,1055,-1.088093766987599,-0.4447420942248129,Condiciones neutrales
2017-01-09,669.282711706882,-0.005983523541715385,-0.33466881339937465,1060,665.29,4.11528301886793,4.468029969555484,-0.35274695068755424,-2.6835248735293913,1060,-1.509096843464383,-0.8499781809679962,Condiciones benignas
2017-01-16,666.8592467900903,-0.010142214022692109,-0.5684730474614049,1065,660.13,4.15008403361344,4.428910585917826,-0.2788265523043867,-2.0980320412443763,1065,-1.3332525443528906,-1.1456229237158069,Condiciones benignas
2017-01-23,663.8087970574618,-0.006527342730177743,-0.3663351579025439,1070,659.49,4.18296296296296,4.398502985273293,-0.21554002231033298,-1.6134349521913507,1070,-0.9898850550469473,-1.1433176898909507,Condiciones benignas
2017-01-30,662.4162380437192,-0.019044838333457825,-1.0699308539186636,1075,649.92,4.19089552238806,4.367272012846033,-0.1763764904579732,-1.315470197607869,1075,-1.1927005257632664,-1.1363713912539946,Condiciones benignas
2017-02-06,658.1716239151856,-0.025188995259035174,-1.4148680527687243,1080,641.8,4.12,4.298594679664678,-0.1785946796646778,-1.3303171809631802,1080,-1.3725926168659521,-1.2476035587468397,Condiciones benignas
2017-02-13,662.9322124674803,-0.031119171561867276,-1.7441859493290985,1085,642.62,4.13,4.260706285034484,-0.130706285034484,-0.9728991380339744,1085,-1.3585425436815366,-1.292678354862496,Condiciones benignas
2017-02-20,666.2157496650648,-0.03470707962656938,-1.9336410893233609,1090,643.49,4.18166666666667,4.185006384842698,-0.0033397181760275174,-0.024888877122767186,1090,-0.979264983223064,-1.2043730448222763,Condiciones benignas
2017-02-27,667.6502281340025,-0.03349137638655986,-1.8555113920863495,1095,645.66,4.14,4.14028301140748,-2.8301140747988285e-4,-0.0021139178867098196,1095,-0.9288126549865297,-1.1369663965945493,Condiciones benignas
2017-03-06,662.906277134172,-0.011128532191610141,-0.6142544928681424,1100,655.57,4.19315789473684,4.217546645719267,-0.024388750982426544,-0.18257307729211447,1100,-0.3984137850801284,-1.0383878516000795,Condiciones benignas
2017-03-13,666.3824428292797,-0.0044856176980125895,-0.24801194382094507,1105,663.4,4.30735294117647,4.238965763784908,0.0683871773915623,0.5130536536355536,1105,0.13252085490730425,-0.8175176214883177,Condiciones benignas
2017-03-20,659.0437488247562,0.0031908240198230686,0.1767568321354343,1110,661.15,4.22214285714286,4.155031092452603,0.06711176469025659,0.503742515945072,1110,0.3402496740402532,-0.5320439063372835,Condiciones neutrales
2017-03-27,656.5785210302337,0.007679309253662225,0.4262606612119749,1115,661.64,4.11857142857143,4.114333735430186,0.004237693141243781,0.03186598520888799,1115,0.22906332321043146,-0.2674429285219555,Condiciones neutrales
2017-04-03,659.5248025449658,0.00671738817808798,0.37353862183200487,1120,663.97,3.98069444444444,4.08249933086277,-0.1018048864183303,-0.7670914767722851,1120,-0.1967764274701401,-0.13702816922980154,Condiciones neutrales
2017-04-10,666.0759285602137,-0.014526675067933148,-0.8094536184062328,1125,656.47,3.90166666666667,4.059660628095596,-0.15799396142892608,-1.1898238870010394,1125,-0.9996387527036361,-0.14883251884931928,Condiciones neutrales
2017-04-18,665.1910028520903,-0.027001761295387894,-1.5036123616886892,1130,647.47,3.82583333333333,3.985218267997947,-0.159384934664617,-1.1988921076884793,1130,-1.3512522346885842,-0.30763892711739527,Condiciones neutrales
2017-04-26,663.2129000043076,-0.004795615539763709,-0.2664880357019648,1135,660.04,3.96426470588235,4.030865119611743,-0.06660041372939318,-0.5011986150911436,1135,-0.3838433253965542,-0.393699623834705,Condiciones neutrales
2017-05-04,662.3814104316742,0.009912625599730163,0.5519886230809642,1140,668.98,3.9365,4.033746725113932,-0.09724672511393218,-0.7324018414166896,1140,-0.09020660916786272,-0.4654423377027243,Condiciones neutrales
2017-05-11,668.3000497427704,0.006889202902140568,0.38401006494563134,1145,672.92,4.08,4.020134002890764,0.059865997109236346,0.45168887320979806,1145,0.4178494690777147,-0.4339779800581771,Condiciones neutrales
2017-05-18,668.2266339392205,5.884984292823248e-4,0.03286056153981089,1150,668.62,3.96230769230769,3.873213987489237,0.08909370481845302,0.6731227912307753,1150,0.3529916763852931,-0.34234996274893825,Condiciones neutrales
2017-05-25,651.4657546546679,0.034405792830084714,1.9193002100158707,1155,674.27,4.12772727272727,3.9261936540889018,0.2015336186383685,1.52414739105218,1155,1.7217238005340252,0.11121046279067197,Condiciones neutrales
2017-06-01,653.6242964189817,0.028246322191336937,1.5693711651051145,1160,672.35,3.93239436619719,3.9163327603807723,0.01606160581641758,0.12121005503164882,1160,0.8452906100683817,0.47730093691683295,Condiciones neutrales
2017-06-08,656.929204978709,0.017250692826451086,0.95726790642251,1165,668.36,3.98595238095238,3.8560507315470325,0.12990164940534754,0.9819248721851872,1165,0.9695963893038486,0.7028742227002335,Condiciones neutrales
2017-06-15,652.3542634800816,0.010833555046943388,0.6012542723618581,1170,659.46,3.98654205607477,3.9029353305426895,0.0836067255320807,0.6325444395353715,1170,0.6168993559486149,0.8207252168863131,Estrés moderado
2017-06-22,655.5379449664433,0.013638883391183576,0.7574519585123677,1175,664.54,4.00452830188679,3.8857479213341755,0.11878038055261442,0.8986439491812456,1175,0.8280479538468066,0.8890916310144951,Estrés moderado
2017-06-30,646.710066103164,0.025193608447142246,1.3989636254798148,1180,663.21,4.13181818181818,3.94865621598305,0.18316196583513022,1.3840703738493831,1180,1.3915169996645989,1.0621791848943793,Estrés moderado
2017-07-07,649.8659479601624,0.02485383861056434,1.3779580410714714,1185,666.22,4.16192771084338,3.9814722948410157,0.18045541600236437,1.3594989474634545,1185,1.368728494267463,1.0033466338499522,Estrés moderado
2017-07-14,645.7546697833033,0.022895350868569864,1.2669284354677253,1190,660.71,4.23183333333333,3.9339383803650385,0.29789495296829127,2.2415389774223495,1190,1.7542337064450373,1.1548371499127281,Estrés moderado
2017-07-21,644.0265254364355,0.011629573667383042,0.6437186298420433,1195,651.56,4.28390625,3.8767790529531077,0.4071271970468926,3.0192263269041115,1195,1.8314724783730774,1.2984831647575996,Estrés moderado
2017-07-28,641.260629856494,0.010439291012587226,0.5787051939020799,1200,647.99,4.27056910569105,3.8894591261323725,0.3811099795586772,2.784135647954943,1200,1.6814204209285115,1.4759033422542491,Estrés moderado
2017-08-04,638.0413232141169,0.018830815980607873,1.0437929033927509,1205,650.17,4.3075,3.9230098236748603,0.3844901763251398,2.773947796598418,1205,1.9088703499955844,1.6560404082790454,Estrés alto
2017-08-11,650.9115127199957,-0.005378473991662247,-0.2983889967223352,1210,647.42,4.33545023696683,3.8363483658025395,0.4991018711642905,3.5348632918389584,1210,1.6182371475583115,1.6938270995946643,Estrés alto
2017-08-21,635.9676398565932,0.016533786362227687,0.9189213744471466,1215,646.57,4.28989130434783,3.9411411481724947,0.34875015617533567,2.425966922518133,1215,1.6724441484826398,1.7444463752971937,Estrés alto
2017-08-28,627.1559252551897,0.01496202884220832,0.8322815745641826,1220,636.61,4.37893333333333,3.9826907640592033,0.3962425692741265,2.725196344359609,1220,1.7787389594618956,1.7485305841333367,Estrés alto
2017-09-04,632.8858131815322,-0.013819186116688087,-0.7699899574323205,1225,624.2,4.32285714285714,3.9752319587550673,0.347625184102073,2.3621211304334357,1225,0.7960655865005577,1.57596276882125,Estrés alto
2017-09-11,627.7346284841908,-0.015046698925871738,-0.8387423286057195,1230,618.36,4.29818181818182,4.001280727000669,0.2969010911811507,2.0014596670439935,1230,0.581358669219137,1.3926191435363544,Estrés moderado
2017-09-20,629.5124454975763,-0.006346333350320421,-0.3542590169925729,1235,625.53,4.33,4.074816449209685,0.2551835507903153,1.7101004711072256,1235,0.6779207270573264,1.1874608730466447,Estrés moderado
2017-09-27,633.5159043871369,-2.3033548210893429e-4,-0.012879036402961837,1240,633.37,4.32428571428571,4.084311323616639,0.23997439066907145,1.604574587739443,1240,0.7958477756682406,1.050395977731633,Estrés moderado
2017-10-04,635.6081648761926,2.8603962168638475e-4,0.016022694769126985,1245,635.79,4.44102564102564,4.076230087868289,0.364795553157351,2.4235171046926274,1245,1.2197698997308772,0.9749502696063391,Estrés moderado
2017-10-12,635.117547033721,-0.013230448020795649,-0.742130203638108,1250,626.77,4.5541935483871,4.076924200457306,0.47726934792979403,3.1322575650803826,1250,1.1950636807211372,0.8776710564828794,Estrés moderado
2017-10-19,629.9479136360059,-0.007837490614982734,-0.4396804322556064,1255,625.03,4.52340425531915,4.078552314657188,0.44485194066196243,2.868600918878323,1255,1.2144602433113583,0.9474034992846795,Estrés moderado
2017-10-26,630.8748238818638,3.8855329131504135e-4,0.021835015658842945,1260,631.12,4.47083333333333,4.113884121768336,0.35694921156499326,2.2770898353318345,1260,1.1494624254953387,1.0420874586640465,Estrés moderado
2017-11-06,632.2928325363793,-0.002347921609212378,-0.13219340569207308,1265,630.81,4.45,4.037102174469233,0.41289782553076737,2.606206569152542,1265,1.2370065817302343,1.1352684344428643,Estrés moderado
2017-11-13,636.1768695240578,-0.008789016516008274,-0.49579050932642055,1270,630.61,4.45,4.011376402276383,0.43862359772361703,2.7370755087943683,1270,1.120642499733974,1.1894008884538199,Estrés moderado
2017-11-20,632.283603911189,-0.004872969603276545,-0.2752937624985592,1275,629.21,4.48266666666667,4.040540124160721,0.4421265425059495,2.721012654279373,1275,1.222859445890407,1.1899158128137415,Estrés moderado
2017-11-27,628.4332219452598,0.008282760489265684,0.4686112337211494,1280,633.66,4.55733333333333,4.059410489217264,0.4979228441160659,3.0094416173590375,1280,1.7390264255400933,1.2805762702835675,Estrés moderado
2017-12-04,633.4241390389229,0.023953432546761633,1.3566915264106243,1285,648.78,4.63655172413793,4.078551289999496,0.5580004341384344,3.308963432430014,1285,2.332827479420319,1.466970809635061,Estrés moderado
2017-12-12,636.0741733906322,0.030128887378871205,1.7006682028941982,1290,655.53,4.6816,4.129607662767199,0.5519923372328011,3.21599762955166,1290,2.458332916222929,1.6851158914229927,Estrés alto
2017-12-19,635.937239394743,-0.02077810384075729,-1.1718776894180394,1295,622.86,4.62947368421052,4.124588277969934,0.5048854062405859,2.888749586121286,1295,0.8584359483516233,1.622020785859891,Estrés alto
2017-12-27,634.7104878668571,-0.025015233531586745,-1.409886800791413,1300,619.03,4.5268085106383,4.160928564242312,0.36587994639598787,2.0746729617347786,1300,0.3323930804716828,1.490645882649509,Estrés moderado
2018-01-04,627.4454695563369,-0.03669280587991164,-2.0636423454256314,1305,604.84,4.5165688449374,4.222499664894613,0.29406918004278726,1.6606417313031667,1305,-0.20150030706123234,1.2532525904909024,Estrés moderado
2018-01-11,631.3987742941931,-0.03584025997404794,-2.0017259803810687,1310,609.17,4.56928571428571,4.160080050950292,0.40920566333541863,2.299118619046824,1310,0.14869631933287764,0.9881975727896999,Estrés moderado
2018-01-18,635.3212298305176,-0.048918815761932244,-2.7055154082073134,1315,604.99,4.53439024390244,4.146457969787583,0.3879322741148563,2.163198696817189,1315,-0.2711583556950623,0.554199933603803,Condiciones neutrales
2018-01-25,631.6421312458248,-0.04455013204099778,-2.441658867337483,1320,604.12,4.47633333333333,4.222527300410128,0.2538060329232019,1.4064938519204324,1320,-0.5175825077085253,0.05821402961522729,Condiciones neutrales
2018-02-01,632.6264936422829,-0.04754848604948325,-2.573104844238381,1325,603.25,4.53909090909091,4.28577300033691,0.25331790875400007,1.3993682378232262,1325,-0.5868683032075773,-0.18267001231130614,Condiciones neutrales
2018-02-08,636.9420081263416,-0.065549078728389,-3.4787265519642054,1330,596.53,4.54588235294118,4.3076124323950324,0.2382699205461476,1.3091940578932302,1330,-1.0847662470354877,-0.4188632335625012,Condiciones neutrales
2018-02-15,633.11584983534,-0.05930598559611422,-3.091836233987059,1335,596.66,4.53666666666667,4.301121085068168,0.23554558159850192,1.2936136182405333,1335,-0.8991113078732628,-0.5351317336978396,Condiciones neutrales
2018-02-22,627.3482097349943,-0.0534446681949694,-2.7446944038737886,1340,594.7,4.52735294117647,4.342614035431367,0.18473890574510232,1.0132626002576324,1340,-0.8657159018080781,-0.7042004372213323,Condiciones neutrales
2018-03-01,629.183427446837,-0.058200293678384085,-2.9429542552000365,1345,593.61,4.53447368421052,4.288814940912268,0.24565874329825288,1.346234655793151,1345,-0.7983597997034427,-0.7920673445560623,Condiciones benignas
2018-03-08,627.340902269951,-0.04138216418819596,-2.069334297813665,1350,601.91,4.50176470588235,4.3161768928847835,0.1855878129975661,1.0166881596284867,1350,-0.5263230690925891,-0.7935241047867396,Condiciones benignas
2018-03-15,626.9224159945171,-0.041961672465047783,-2.085258272127803,1355,601.16,4.49395348837209,4.313058314798042,0.18089517357404805,0.9901994526047513,1355,-0.5475294097615259,-0.786967622545731,Condiciones benignas
2018-03-22,618.996848040871,-0.01919254867809883,-0.9514885474288708,1360,607.23,4.48578947368421,4.391107302823201,0.09468217086100861,0.5186721707121724,1360,-0.21640818835834918,-0.6422412794328747,Condiciones neutrales
2018-03-29,613.8686005815017,-0.014122781897111025,-0.7007014589245697,1365,605.26,4.468,4.534074214053767,-0.06607421405376712,-0.3624987742767895,1365,-0.5316001166006796,-0.5809894142207774,Condiciones neutrales
2018-04-06,608.8713725365113,-0.010170882106028678,-0.5052366269412893,1370,602.71,4.44444444444444,4.594662548835345,-0.15021810439090455,-0.8251025649308348,1370,-0.6651695959360621,-0.5475650299087748,Condiciones neutrales
2018-04-13,606.1544499081641,-0.015284711958432062,-0.7602856618430568,1375,596.96,4.38769230769231,4.596318082229843,-0.2086257745375324,-1.1466906254931888,1375,-0.9534881436681228,-0.5734197539028881,Condiciones neutrales
2018-04-20,608.2451874627455,-0.022991929315343107,-1.1425602556187844,1380,594.42,4.36857142857143,4.605149839496647,-0.23657841092521714,-1.2999638171010515,1380,-1.221262036359918,-0.6892429151141096,Condiciones neutrales
2018-04-27,608.7759855541974,-0.009019199417001467,-0.44853201666543546,1385,603.31,4.45444444444444,4.583600929667355,-0.12915648522291523,-0.7093831552928371,1385,-0.5789575859791363,-0.6944809444837113,Condiciones neutrales
2018-05-07,615.6870081222602,0.009171893403927989,0.4568316208093612,1390,621.36,4.43105263157895,4.4740730233218,-0.043020391742849995,-0.23651671493134788,1390,0.11015745293900665,-0.6400533376008187,Condiciones neutrales
2018-05-14,615.4182612877356,0.0049950555341373715,0.24878171736354307,1395,618.5,4.44935483870967,4.491402753141216,-0.04204791443154576,-0.23157090982326733,1395,0.008605403770137868,-0.5500190842056825,Condiciones neutrales
2018-05-22,617.089732402611,0.031802303502006524,1.5846889207563115,1400,637.03,4.5776010781671,4.489537314252374,0.08806376391472615,0.4858041755762354,1400,1.0352465481662734,-0.26661639352195987,Condiciones neutrales
2018-05-29,626.8341515918983,-0.003906821487735357,-0.19482233028849896,1405,624.39,4.54735849056604,4.269473876474301,0.2778846140917395,1.5341782356142852,1405,0.6696779526628931,0.003911289199876114,Condiciones neutrales
2018-06-05,631.2019584520535,-0.001303060118847732,-0.06509261348229253,1410,630.38,4.57277777777778,4.31538105908534,0.25739671869244063,1.418673470922316,1410,0.6767904287200118,0.32025336671319776,Condiciones neutrales
2018-06-12,629.5868259995369,0.005106446622773042,0.25552610330192194,1415,632.81,4.57,4.308435239697886,0.2615647603021145,1.4403557335650434,1415,0.8479409184334827,0.558069784115301,Condiciones neutrales
2018-06-19,644.1477616464194,-0.010609188107618017,-0.5317792620931047,1420,637.35,4.59966666666666,4.178211310682848,0.4214553559838121,2.313495203692987,1420,0.8908579707999411,0.6881865370921233,Condiciones neutrales
2018-06-26,637.9807885428243,0.0021907859225942516,0.10997853377219773,1425,639.38,4.575,4.151695858867619,0.42330414113238124,2.3068692340312986,1425,1.2084238839017483,0.8881562837807251,Estrés moderado
2018-07-04,643.6798182143016,0.012919820317732977,0.6493818465121897,1430,652.05,4.59008849557521,4.132135242112753,0.4579532534624571,2.47483809624589,1430,1.5621099713790398,0.9759668543161861,Estrés moderado
2018-07-11,647.2609245880916,0.004884185674398189,0.24571927081495992,1435,650.43,4.59714233576643,4.08002203532952,0.5171203004369094,2.7694436404146456,1435,1.5075814556148028,1.1156174381415045,Estrés moderado
2018-07-19,654.8444185832873,0.0010311352582386135,0.05196143437256859,1440,655.52,4.55892857142857,3.9693506473201268,0.5895779241084433,3.1203485639493493,1440,1.586154999160959,1.2671781998816622,Estrés moderado
2018-07-26,644.6049403151094,0.007010776419333453,0.35358236499529466,1445,649.14,4.55321428571428,4.072778886007782,0.48043539970649807,2.511295674539346,1445,1.4324390197673205,1.3645945501039685,Estrés moderado
2018-08-02,647.8521732451691,-0.010555085620408633,-0.5331633043460373,1450,641.05,4.53409090909091,4.077415759989286,0.4566751491016241,2.370021337527983,1450,0.9184290165909728,1.3691897244024738,Estrés moderado
2018-08-09,649.9575644459459,-0.009053081737873114,-0.4578301510453993,1455,644.1,4.49717948717949,4.0814405977352095,0.41573888944428017,2.1423523708968193,1455,0.84226110992571,1.3081625954064675,Estrés moderado
2018-08-17,661.7200578259516,0.006642253561327749,0.3364085329877528,1460,666.13,4.47272727272727,4.031769501788212,0.4409577709390584,2.2539419800579066,1460,1.2951752565228296,1.2636734762637658,Estrés moderado
2018-08-24,656.1837203998829,0.014218029659271991,0.7206501320599915,1465,665.58,4.43666666666667,4.032451091394119,0.40421557527255114,2.054370900087559,1465,1.3875105160737753,1.2436616530069278,Estrés moderado
2018-08-31,661.9273410544133,0.02011970223338011,1.0211301596587399,1470,675.38,4.45875,3.9929566369536786,0.4657933630463216,2.3535714252352777,1470,1.6873507924470088,1.2605276185546028,Estrés moderado
2018-09-07,662.618444294452,0.03317571596159752,1.679153786153574,1475,684.97,4.5,4.1065596203193095,0.39344037968069046,1.9753499002095563,1475,1.827251843181565,1.3263297557903102,Estrés moderado
2018-09-14,661.7735559150511,0.03126390836633153,1.574661140266216,1480,682.79,4.49,4.146448570270547,0.3435514297294535,1.716586938700645,1480,1.6456240394834305,1.4475289262723865,Estrés moderado
2018-09-26,652.420407686036,0.02784150726461121,1.3995654537120887,1485,670.84,4.5624526764088,4.175072980546176,0.38737969586262366,1.9303792797509782,1485,1.6649723667315335,1.5846474690733572,Estrés alto
2018-10-03,653.5403361217307,0.008182700238850593,0.411620148712905,1490,658.91,4.53582621082621,4.240538223828768,0.2952879869974421,1.4663103773352104,1490,0.9389652630240577,1.5252791368235619,Estrés alto
2018-10-10,646.6847194099512,0.05535314586613893,2.780312481521799,1495,683.49,4.57,4.382867362983532,0.1871326370164681,0.92815829355295,1495,1.8542353875373747,1.6030666154008284,Estrés alto
2018-10-18,654.9320411239836,0.022865631998870484,1.1405449191375188,1500,670.08,4.63333333333333,4.402586406261143,0.2307469270721869,1.1440082892404522,1500,1.1422766041889854,1.5122209173578245,Estrés alto
2018-10-25,651.2265799237315,0.05330197378470736,2.6423768428835346,1505,686.88,4.5725,4.430886729715784,0.1416132702842159,0.7024773064488795,1505,1.672427074666207,1.4864167892719315,Estrés moderado
2018-11-05,651.0148136888035,0.07048867612956666,3.4506374541131795,1510,698.56,4.5,4.477785808826457,0.02221419117354273,0.1103390410710773,1510,1.7804882475921284,1.5088941572900478,Estrés alto
2018-11-12,648.9093935229434,0.04887108319285005,2.3756747058256744,1515,681.41,4.53960393719241,4.507537773101543,0.03206616409086749,0.15950171719887787,1515,1.267588211512276,1.4426634647535048,Estrés moderado
2018-11-19,636.4624810874618,0.05494280292363385,2.6482616717221097,1520,672.41,4.45403846153846,4.572291602142105,-0.11825314060364533,-0.5891727714561638,1520,1.029544450132973,1.457759995938324,Estrés moderado
2018-11-26,643.4405380438236,0.04537622886697967,2.170472230597177,1525,673.31,4.38,4.542764471300064,-0.162764471300064,-0.8114376439397395,1525,0.6795172933287188,1.261973646903548,Estrés moderado
2018-12-03,650.3121109339775,0.03145083783192337,1.4995537207970613,1530,671.09,4.41875,4.405505296670473,0.013244703329527319,0.06610620115449402,1530,0.7828299609757776,1.2020658730346803,Estrés moderado
2018-12-10,649.1495007928748,0.03762641054297422,1.787555874827875,1535,674.04,4.3722619047619045,4.504831371709059,-0.13256946694715488,-0.6624664088320933,1535,0.5625447329978909,1.0170854827566274,Estrés moderado
2018-12-17,639.9400725434562,0.07014428621541935,3.3113253355975334,1540,686.44,4.36875,4.614970121401118,-0.2462201214011177,-1.231514341905106,1540,1.0399054968462136,0.8936550242989749,Estrés moderado
2018-12-24,634.6295647544737,0.08635661061870348,4.012275639813235,1545,691.87,4.257076923076924,4.786160988089513,-0.5290840650125892,-2.637101861969468,1545,0.6875868889218835,0.7969881372005763,Estrés moderado
2019-01-03,641.7156109292926,0.08276929532751875,3.7887139906559835,1550,697.09,4.41058823529412,4.633643084122891,-0.22305484882877114,-1.106627266078216,1550,1.3410433622888838,0.8489046225598946,Estrés moderado
2019-01-10,647.040741374234,0.046870760308699744,2.121396825517046,1555,678.09,4.46090909090909,4.568691423433727,-0.10778233252463654,-0.5350975215491091,1555,0.7931496519839685,0.8678433490024363,Estrés moderado
2019-01-17,649.5439270166656,0.035073594565723454,1.5793334865542237,1560,672.73,4.55,4.539225551137683,0.01077444886231671,0.053556594354961067,1560,0.8164450404545923,0.8734458622489054,Estrés moderado
2019-01-24,649.0044929012297,0.035428634037476314,1.5915750933061965,1565,672.41,4.52662650602409,4.520141796453405,0.006484709570684366,0.03228164557004529,1565,0.8119283694381209,0.9150098016556104,Estrés moderado
2019-01-31,645.4637083968761,0.03246117483677846,1.4542840101441488,1570,666.76,4.48119230769232,4.482274064454693,-0.0010817567623728763,-0.005393417556763491,1570,0.7244452962936926,0.8624331015635236,Estrés moderado
2019-02-07,643.8002762439145,0.015565886619181235,0.6974597909980932,1575,653.9,4.46154761904762,4.463456938821569,-0.0019093197739490364,-0.00953406345355193,1575,0.34396286377227064,0.8051624307052547,Estrés moderado
2019-02-14,649.3429920075328,0.0187000735308116,0.8382279058580382,1580,661.6,4.36538461538462,4.3896767100748555,-0.02429209469023519,-0.12148263597523797,1580,0.3583726349414001,0.6413839761473408,Condiciones neutrales
2019-02-21,637.3287985434745,0.02661645289882575,1.1921945018277944,1585,654.52,4.36094488188977,4.44517321179643,-0.08422832990665974,-0.4218631399914965,1585,0.38516568091814896,0.5733866476363709,Condiciones neutrales
2019-02-28,630.7430385988168,0.029950727635972285,1.3405029705273677,1590,649.92,4.38,4.445344953219962,-0.06534495321996214,-0.32776172802053216,1590,0.5063706212534178,0.5217075777695085,Condiciones neutrales
2019-03-07,629.6247560045997,0.04468863282207636,1.9946483854592094,1595,658.4,4.3339866549605,4.422605125448587,-0.08861847048808702,-0.4451712360624658,1595,0.7747385746983718,0.515509278646217,Condiciones neutrales
2019-03-14,634.1573342520562,0.048511989661020216,2.1524130721775845,1600,665.68,4.242,4.367299801630086,-0.12529980163008592,-0.6301064241000988,1600,0.7611533240387429,0.5216272832703921,Condiciones neutrales
2019-03-21,635.0839473507801,0.04772765598010231,2.102879790343684,1605,666.13,4.17452054794521,4.298359609121178,-0.12383906117596766,-0.623467614552593,1605,0.7397060878955455,0.5875844872909378,Condiciones neutrales
2019-03-28,640.9363057340081,0.06463301789753828,2.8267711935365143,1610,683.73,4.12,4.264084853707367,-0.14408485370736646,-0.7260594908439967,1610,1.0503558513462588,0.7029150233584143,Condiciones neutrales
2019-04-04,636.3308648904749,0.047895637952346526,2.0747012055230964,1615,667.55,4.15714285714286,4.249889937119189,-0.0927470799763288,-0.467847765250922,1615,0.8034267201360872,0.7726251965614039,Estrés moderado
2019-04-11,636.7609518706507,0.04026000590387646,1.7366727177056218,1620,662.92,4.085,4.240461924498469,-0.15546192449846874,-0.7846939057225548,1620,0.4759894059915335,0.7675616606844233,Estrés moderado
2019-04-18,636.868177526227,0.036404151915496286,1.565480908294392,1625,660.48,4.09702378416755,4.255946804906472,-0.15892302073892228,-0.8026861542712275,1625,0.3813973770115822,0.7020047944032917,Condiciones neutrales
2019-04-26,651.8755993741019,0.03664993347221834,1.5728886051206148,1630,676.21,4.13333333333333,4.157937789757554,-0.02460445642422382,-0.12439050038296648,1630,0.7242490523688242,0.6958540824583053,Condiciones neutrales
2019-05-06,666.9284406999313,0.017466980322044634,0.7480770815197304,1635,678.68,4.15047619047619,4.133054850779224,0.017421339696965354,0.08820797606086228,1635,0.41814252879029634,0.6422601559407637,Condiciones neutrales
2019-05-13,659.9351537326402,0.03825488414854927,1.6375142653330998,1640,685.67,4.09941176470588,4.216214185677742,-0.11680242097186255,-0.5922732793924487,1640,0.5226204929703255,0.5543042628781082,Condiciones neutrales
2019-05-20,658.0341294929042,0.05696891475913368,2.42857880608707,1645,696.61,4.09592592592592,4.215934352885498,-0.12000842695957736,-0.609349661493263,1645,0.9096145722969035,0.5720022382382443,Condiciones neutrales
2019-05-28,661.2897813331523,0.05181821939431597,2.1956424879218748,1650,696.46,3.87,4.196908161575131,-0.3269081615751306,-1.6599257423678186,1650,0.26785837277702806,0.5373137327024933,Condiciones neutrales
2019-06-04,667.2549072576261,0.0544439306479223,2.2867088847961954,1655,704.59,3.74910447761194,4.177824870364567,-0.4287203927526271,-2.1651966368087683,1655,0.06075612399371355,0.4838735238661819,Condiciones neutrales
2019-06-11,671.8042480932403,0.03730609609295055,1.56324844892113,1660,697.34,3.41263157894737,4.088924279527948,-0.6762927005805781,-3.3919872830283793,1660,-0.9143694170536246,0.21077044562910704,Condiciones neutrales
2019-06-18,677.6832038496874,0.031714457762631376,1.3267161060469022,1665,699.52,3.42606060606061,3.9859850336183023,-0.5599244275576925,-2.7708947263248787,1665,-0.7220893101389882,0.020731805807559622,Condiciones neutrales
2019-06-25,662.9409483957646,0.028798181080752272,1.203463126723693,1670,682.31,3.366,3.992328874908182,-0.6263288749081819,-3.0624386693718666,1670,-0.9294877713240868,-0.2212862382415091,Condiciones neutrales
2019-07-02,663.1636493622323,0.021564867495670548,0.9009829697383983,1675,677.62,3.30857142857143,3.925318746813609,-0.616747318242179,-2.981904994460799,1675,-1.0404610123612004,-0.5462988356845264,Condiciones neutrales
2019-07-09,671.6599480065867,0.02087760090920643,0.8726624445427569,1680,685.83,3.29519230769231,3.9093378227802447,-0.6141455150879347,-2.9357306932605867,1680,-1.031534124358915,-0.7628642518738502,Condiciones benignas
2019-07-17,672.2910226157087,0.010636483606820235,0.4446893487213579,1685,679.48,3.20428571428571,3.8744155145215906,-0.6701298002358804,-3.1633003539674274,1685,-1.3593055026230347,-0.9995411896433083,Condiciones benignas
2019-07-24,672.3130768569486,0.028240254982410562,1.181256697849593,1690,691.57,3.01294620101306,3.8297972260451907,-0.8168510250321308,-3.790319621853467,1690,-1.304531462001937,-1.0645681971346936,Condiciones benignas
2019-07-31,672.5839497065691,0.03992482724414259,1.6681516199528585,1695,699.98,2.87060606060606,3.7853421277455013,-0.9147360671394411,-4.1564533475095615,1695,-1.2441508637783514,-1.1515784560745876,Condiciones benignas
2019-08-07,690.3445355683066,0.03697807445968593,1.5406372180779129,1700,716.35,2.67255813953489,3.6033404181185347,-0.9307822785836448,-4.136616023492328,1700,-1.2979894027072076,-1.212995394638441,Condiciones benignas
2019-08-14,684.4721142255194,0.03431865105413756,1.4265075719306646,1705,708.37,2.67777777777778,3.4899712960599274,-0.8121935182821476,-3.5438150386708744,1705,-1.058653733370105,-1.2160275148065918,Condiciones benignas
2019-08-22,686.0161134385036,0.0336875686407625,1.3972294459032712,1710,709.52,2.69666666666667,3.4094483980317705,-0.7127817313651006,-3.06498003882879,1710,-0.8338752964627595,-1.1830843768238992,Condiciones benignas
2019-08-29,689.3564807554676,0.04930907150261099,2.0394060959602363,1715,724.2,2.68179775280899,3.248577644645316,-0.566779891836326,-2.4130026062213887,1715,-0.18679825513057624,-0.9876665022418227,Condiciones benignas
2019-09-05,691.6316525336046,0.044770553982906414,1.8448850767904745,1720,723.3,2.60147727272727,3.219534045353278,-0.6180567726260078,-2.61480869906674,1720,-0.38496181113813277,-0.8344048937645221,Condiciones benignas
2019-09-12,684.4489807298608,0.042814924844846836,1.7578587032695074,1725,714.39,2.71787878787878,3.3805196333462533,-0.6626408454674735,-2.7755834214408126,1725,-0.5088623590856526,-0.7118568096490723,Condiciones neutrales
2019-09-24,684.600875473216,0.05342456333576795,2.1867417051519427,1730,722.17,2.72040404040404,3.2987290282762487,-0.5783249878722088,-2.400986325613818,1730,-0.10712231023093777,-0.5133789609030273,Condiciones neutrales
2019-10-01,693.704152679801,0.04854389148857763,1.9773979256496468,1735,728.21,2.85295238095238,3.2559267726027983,-0.40297439165041826,-1.6631701042420886,1735,0.15711391070377911,-0.3107510202240466,Condiciones neutrales
2019-10-08,696.6891570007879,0.02880623462930121,1.1703329741820436,1740,717.05,2.71087912087912,3.1833660936988224,-0.47248697281970253,-1.9445780448137853,1740,-0.3871225353158708,-0.23629222669956518,Condiciones neutrales
2019-10-15,686.922532958214,0.03591256508667584,1.455903193567213,1745,712.04,2.85666666666667,3.38784868671614,-0.5311820200494699,-2.175246470359564,1745,-0.35967163839617555,-0.26510445724383175,Condiciones neutrales
2019-10-22,684.3382918296015,0.055675815032540044,2.252527868714235,1750,723.52,3.18870967741935,3.3700686465421086,-0.1813589691227584,-0.740738792731165,1750,0.7558945379915349,-0.0749617323888871,Condiciones neutrales
2019-10-29,682.9152427737611,0.05893155519734794,2.368550651788002,1755,724.37,3.26142857142857,3.3826703242316754,-0.12124175280310556,-0.494978061510815,1755,0.9367862951385936,0.16597970998182057,Condiciones neutrales
2019-11-07,683.5629843265692,0.08425169241044195,3.353970219769679,1760,743.65,3.25683544303797,3.4533674508457395,-0.19653200780776947,-0.8033917660000196,1760,1.2752892268848295,0.39638163283444844,Condiciones neutrales
2019-11-14,693.9360362962352,0.13534578289090238,5.292781308602202,1765,794.51,3.88675675675676,3.321591057080518,0.5651656996762422,2.3114221833133475,1765,3.802101745957775,1.0038796053767811,Estrés moderado
2019-11-21,694.9784958206435,0.13718705209872084,5.203860755862208,1770,797.17,3.35806451612903,3.2804989682389305,0.0775655478900994,0.3171644504885651,1770,2.7605126031753864,1.5284854617919907,Estrés alto
2019-11-28,701.5038026648896,0.13922956140065867,5.119820684503174,1775,806.3,3.22055555555555,3.2198802762108016,6.752793447484251e-4,0.002764885680927134,1775,2.5612927850920504,2.015312865706695,Estrés alto
2019-12-05,707.3990317361581,0.11894604529126873,4.225922202471201,1780,796.75,3.66785714285714,3.233021818132414,0.43483532472472586,1.7819116392056444,1780,3.0039169208384227,2.389983262847843,Estrés alto
2019-12-12,700.288337383289,0.0986963274335988,3.447137361204714,1785,772.93,3.39944444444445,3.254786382203143,0.14465806224130695,0.591726464467391,1785,2.0194319128360525,2.570424199130753,Estrés alto
2019-12-19,695.8283252892229,0.07803220972431557,2.6861694201979995,1790,752.3,3.07833333333333,3.2659853152591722,-0.1876519819258422,-0.7679975854284606,1790,0.9590859173847694,2.5177236475474096,Estrés alto
2019-12-27,701.1073862648392,0.06294886216074236,2.1513466521228923,1795,746.66,3.1386111111111,3.1599212490262687,-0.02131013791516878,-0.08731614019873306,1795,1.0320152559620797,2.05604256588146,Estrés alto
2020-01-07,703.4447909835801,0.09276196637721856,3.1506345405721246,1800,771.82,3.20133333333333,3.1301418316865224,0.07119150164680743,0.29208561331373034,1800,1.7213600769429274,1.8828504781760502,Estrés alto
2020-01-14,706.7947730901743,0.09554906542033414,3.212890200140405,1805,777.66,3.38632911392405,3.1493943314098303,0.23693478251421984,0.9721627977920787,1805,2.092526498966242,1.804722763821749,Estrés alto
2020-01-21,711.8779262944297,0.0783931567455749,2.6069686317132126,1810,769.93,3.22684210526316,3.0497340660583845,0.17710803920477547,0.727217734016198,1810,1.6670931828647053,1.5819188074927961,Estrés alto
2020-01-28,741.0613969702652,0.061236930325386574,2.025684281421259,1815,787.86,3.30214285714286,2.907151660217778,0.3949911969250821,1.6197618788960602,1815,1.8227230801586596,1.5491340020465638,Estrés alto
2020-02-04,774.2602342691537,0.02128878778618848,0.7026474206674412,1820,790.92,3.3902,2.771209919645038,0.618990080354962,2.5242400440659893,1820,1.6134437323667152,1.6581936378768882,Estrés alto
2020-02-11,771.1961147737294,0.03150571532453661,1.0407699187707762,1825,795.88,3.37333333333333,2.7788616758356,0.59447165749773,2.4091995771684216,1825,1.7249847479695988,1.7736885532114748,Estrés alto
2020-02-18,767.0580108665905,0.0319358265376275,1.0546685924705983,1830,791.95,3.546875,2.7464727745761266,0.8004022254238734,3.2179361765018246,1830,2.1363023844862115,1.8428456044686887,Estrés alto
2020-02-25,760.1807045867284,0.06372495655776422,2.1016131910455176,1835,810.2,3.46631578947368,2.7567192867824417,0.7095965026912383,2.8045924239959867,1835,2.453102807520752,1.9029416558944403,Estrés alto
2020-03-03,767.9351149745195,0.06248449495312958,2.05355879825166,1840,817.45,3.43333333333333,2.6785430733568703,0.7547902599764598,2.9501390790474757,1840,2.5018489386495677,2.0420676151919173,Estrés alto
2020-03-10,787.2479319973673,0.06611976795796881,2.165348908070261,1845,841.06,3.01309523809524,2.713231544783987,0.2998636933112526,1.1671204061764253,1845,1.666234657123343,2.015986211352698,Estrés alto
2020-03-17,795.158171132398,0.06729511729215343,2.1877175734137957,1850,850.51,2.9121875,3.1810283145764444,-0.2688408145764445,-1.046546668293715,1850,0.5705854525600403,1.8421764980515856,Estrés alto
2020-03-24,856.5394907860772,0.005275378070605186,0.1710518222454616,1855,861.07,3.87631578947368,3.0707072564754085,0.8056085329982716,3.1277500536077,1855,1.6494009379265808,1.8295791963777492,Estrés alto
2020-03-31,863.9483733819078,-0.020639107312512728,-0.6675184422325264,1860,846.3,3.6124,2.924858397412322,0.6875416025876779,2.6450211518805666,1860,0.9887513548240201,1.6383206914340507,Estrés alto
2020-04-07,850.876149949999,0.003559218559856525,0.1150423704677667,1865,853.91,3.40222222222222,2.9605022362702584,0.4417199859519614,1.6948705855408632,1865,0.904956478004315,1.3802963031813111,Estrés moderado
2020-04-15,873.0444322167286,-0.028363166066058376,-0.9175470552707548,1870,848.63,3.15269230769231,2.748565068820497,0.4041272388718129,1.5488331010384508,1870,0.31564302288384805,1.0159286505536913,Estrés moderado
