country,block,term,estimate,std_error,statistic,p_value
CLP,FX,(Intercept),1.58984,0.202585,7.84777,5.63703e-15
CLP,FX,trend,-1.3791e-4,1.017e-5,-13.5605,7.87294e-41
CLP,FX,cpi_rel,2.51843,0.0904408,27.8462,8.020799999999998e-154
CLP,FX,l_wti,0.079857,0.00469913,16.994,3.2421899999999996e-62
CLP,FX,l_pcu,-0.105316,0.01132,-9.30354,2.3712899999999997e-20
CLP,FX,l_gold_silver,-0.00938908,0.00405503,-2.31541,0.0206499
CLP,FX,l_eqnsq,0.282129,0.0102662,27.4814,3.0427099999999994e-150
CLP,FX,l_eqcny,-0.165078,0.0072957,-22.6267,1.1372699999999998e-105
CLP,FX,l_vix,0.074246500000000007,0.00322951,22.99,8.536149999999997e-109
CLP,FX,l_dtw,0.815301,0.0426242,19.1276,1.6031599999999997e-77
CLP,FX,l_cny,-0.12727,0.0457889,-2.77949,0.00547447
CLP,FX,y10_us,-0.0228857,0.0017634,-12.9782,1.2688399999999999e-37
BRL,FX,(Intercept),-6.11858,0.292122,-20.9453,1.0817999999999999e-91
BRL,FX,trend,2.20609e-4,1.36222e-5,16.1948,7.172989999999999e-57
BRL,FX,cpi_rel,-0.748668,0.0618632,-12.102,4.91676e-33
BRL,FX,l_wti,-0.0557809,0.00583279,-9.56334,2.12096e-21
BRL,FX,l_pcu,0.00586596,0.015551,0.377207,0.706043
BRL,FX,l_gold_silver,-0.114712,0.00533992,-21.4819,4.583469999999999e-96
BRL,FX,l_eqnsq,0.247565,0.0141298,17.5208,7.420569999999999e-66
BRL,FX,l_eqcny,-0.0540934,0.0103366,-5.23318,1.76768e-7
BRL,FX,l_vix,0.0747034,0.00492224,15.1767,2.22221e-50
BRL,FX,l_dtw,1.82421,0.0608017,30.0026,1.4670499999999995e-175
BRL,FX,l_cny,-1.14153,0.0619267,-18.4336,2.2157999999999998e-72
BRL,FX,y10_us,-0.0697945,0.0021275,-32.8058,3.516529999999999e-205
MXN,FX,(Intercept),-7.10391,0.229752,-30.9199,4.311749999999999e-185
MXN,FX,trend,-2.9692e-4,1.06391e-5,-27.9083,1.9599899999999992e-154
MXN,FX,cpi_rel,3.10895,0.0769593,40.3974,1.6175299999999993e-291
MXN,FX,l_wti,0.0524001,0.00482751,10.8545,5.2665499999999994e-27
MXN,FX,l_pcu,-0.0940857,0.0128833,-7.3029,3.49469e-13
MXN,FX,l_gold_silver,0.10319,0.00511745,20.1643,1.7633499999999996e-85
MXN,FX,l_eqnsq,0.0727914,0.0114096,6.37982,2.01386e-10
MXN,FX,l_eqcny,-0.03789,0.00844202,-4.48826,7.4202e-6
MXN,FX,l_vix,0.00676584,0.00355884,1.90114,0.0573689
MXN,FX,l_dtw,2.37954,0.0434317,54.788,0
MXN,FX,l_cny,-0.819141,0.0494036,-16.5806,2.0085599999999997e-59
MXN,FX,y10_us,-0.0382178,0.00172436,-22.1634,9.72357e-102
PEN,FX,(Intercept),-1.56764,0.144748,-10.8301,6.81473e-27
PEN,FX,trend,5.61727e-5,6.39423e-6,8.7849,2.4421900000000003e-18
PEN,FX,cpi_rel,1.20728,0.0629308,19.1843,6.023379999999999e-78
PEN,FX,l_wti,0.0621293,0.00312153,19.9035,1.9093999999999997e-83
PEN,FX,l_pcu,0.0870207,0.00787121,11.0556,6.167379999999999e-28
PEN,FX,l_gold_silver,-0.0719956,0.00283247,-25.418,1.4123699999999997e-130
PEN,FX,l_eqnsq,0.021472,0.00746891,2.87485,0.00406739
PEN,FX,l_eqcny,-0.0815267,0.00527908,-15.4434,4.810449999999999e-52
PEN,FX,l_vix,-0.00505662,0.00250744,-2.01665,0.0438109
PEN,FX,l_dtw,1.00467,0.0280361,35.835,1.1250099999999995e-238
PEN,FX,l_cny,-0.777587,0.0291558,-26.67,2.1793399999999992e-142
PEN,FX,y10_us,-0.0406799,0.00101687,-40.0051,7.252599999999995e-287
COP,FX,(Intercept),6.19552,0.227224,27.2661,3.809599999999998e-148
COP,FX,trend,5.879e-4,1.20794e-5,48.6695,0
COP,FX,cpi_rel,-1.16821,0.0713532,-16.3722,4.88104e-58
COP,FX,l_wti,-0.0835988,0.00603682,-13.8482,1.84247e-42
COP,FX,l_pcu,0.0786284,0.0124674,6.30671,3.21949e-10
COP,FX,l_gold_silver,-0.0971911,0.00455927,-21.3173,1.0278299999999999e-94
COP,FX,l_eqnsq,-0.456603,0.01152,-39.6357,1.5769299999999993e-282
COP,FX,l_eqcny,0.0175351,0.00816031,2.14882,0.0317192
COP,FX,l_vix,-0.0493174,0.0039359,-12.5302,3.05917e-35
COP,FX,l_dtw,1.67746,0.0416696,40.2562,7.591139999999995e-290
COP,FX,l_cny,-1.05917,0.0450192,-23.5271,1.7611399999999998e-113
COP,FX,y10_us,-0.0476506,0.00187887,-25.3613,4.7036899999999986e-130
CLP,10Y,(Intercept),22.7342,1.66112,13.686,1.0137e-41
CLP,10Y,y10_us,0.960973,0.0136232,70.5395,0
CLP,10Y,embi_100,0.535509,0.0476304,11.243,6.64201e-29
CLP,10Y,l_vix,0.495022,0.0382848,12.93,1.6481799999999999e-37
CLP,10Y,l_eqnsq,0.284906,0.117917,2.41616,0.0157287
CLP,10Y,l_dtw,-4.41392,0.343155,-12.8628,3.80869e-37
CLP,10Y,l_cny,-2.58289,0.361173,-7.15139,1.01327e-12
CLP,10Y,trend,-7.00321e-5,7.78595e-5,-0.899467,0.368457
BRL,10Y,(Intercept),62.1395,3.33009,18.66,1.33249e-74
BRL,10Y,y10_us,2.33208,0.0212095,109.954,0
BRL,10Y,embi_100,2.45263,0.0426405,57.5188,0
BRL,10Y,l_vix,0.361732,0.056916,6.35555,2.30762e-10
BRL,10Y,l_eqnsq,1.2745,0.178499,7.14008,1.10117e-12
BRL,10Y,l_dtw,-13.4842,0.749678,-17.9867,1.2175699999999998e-69
BRL,10Y,l_cny,-7.30835,0.651114,-11.2244,8.23965e-29
BRL,10Y,trend,-2.63846e-4,1.34384e-4,-1.96338,0.0496706
MXN,10Y,(Intercept),-18.7111,1.47681,-12.67,4.6613e-36
MXN,10Y,y10_us,0.968904,0.0126132,76.8167,0
MXN,10Y,embi_100,0.302708,0.0172077,17.5915,1.2241999999999997e-66
MXN,10Y,l_vix,0.274842,0.0298839,9.19697,5.938709999999999e-20
MXN,10Y,l_eqnsq,0.797697,0.0955374,8.34958,9.5026e-17
MXN,10Y,l_dtw,1.97176,0.222631,8.85665,1.24541e-18
MXN,10Y,l_cny,3.4426,0.260887,13.1958,6.66551e-39
MXN,10Y,trend,-3.51022e-4,7.15869e-5,-4.90343,9.81437e-7
PEN,10Y,(Intercept),-4.52537,1.2965,-3.49046,4.87293e-4
PEN,10Y,y10_us,0.763052,0.0106072,71.9375,0
PEN,10Y,embi_100,1.77579,0.0320754,55.363,0
PEN,10Y,l_vix,-0.319559,0.0326125,-9.79868,2.0125e-22
PEN,10Y,l_eqnsq,-0.264473,0.0874014,-3.02596,0.00249392
PEN,10Y,l_dtw,3.80203,0.253403,15.0039,1.42176e-49
PEN,10Y,l_cny,-4.56786,0.287628,-15.8812,3.7280500000000005e-55
PEN,10Y,trend,3.78404e-5,5.99904e-5,0.630775,0.528223
COP,10Y,(Intercept),40.2492,1.8624,21.6115,3.6941099999999995e-98
COP,10Y,y10_us,1.16135,0.0155939,74.4746,0
COP,10Y,embi_100,1.56299,0.0263308,59.3598,0
COP,10Y,l_vix,0.313426,0.0448973,6.98095,3.40736e-12
COP,10Y,l_eqnsq,-0.904648,0.123649,-7.31625,3.05459e-13
COP,10Y,l_dtw,-8.17359,0.363916,-22.4601,1.9769699999999997e-105
COP,10Y,l_cny,1.41632,0.387719,3.65295,2.62504e-4
COP,10Y,trend,0.00124229,8.59621e-5,14.4516,3.33186e-46
