anio,crecimiento_nominal,tasa_efectiva,balance_primario,sfa_identificado,valorizacion_otros,ajuste_conciliacion,sfa_total,deuda_oficial,naturaleza,escenario,deuda_rezagada,efecto_interes_crecimiento,efecto_balance_primario,efecto_sfa_identificado,efecto_valorizacion_otros,efecto_ajuste_conciliacion,efecto_sfa,deuda_pib,cambio_deuda,balance_primario_estabilizador,brecha_primaria,distancia_nivel_prudente
2027,0.0416007991920257,0.0306840149359242,0.0007856745519935655,0.0078141858627845,0.003161772030915,-0.0004062496008887528,0.0105697082928109,0.431920170231312,Calibración a trayectoria oficial compatible con la meta,Base compatible con la meta,0.426607312003057,-0.0044711755125623,-0.0007856745519935655,0.0078141858627845,0.003161772030915,-0.0004062496008887528,0.0105697082928109,0.431920170231312,0.005312858228255,0.0060985327802485,-0.0053128582282549,0.0180798297686879
2028,0.0459652303136017,0.0322077311498313,0.0010163526236228,0.0071524197144158,0.0053845026022037,-0.00102120093279,0.0115157213838296,0.436738526651375,Calibración a trayectoria oficial compatible con la meta,Base compatible con la meta,0.431920170231312,-0.0056810123401438,-0.0010163526236228,0.0071524197144158,0.0053845026022037,-0.00102120093279,0.0115157213838296,0.436738526651375,0.004818356420063,0.0058347090436858,-0.0048183564200629,0.0132614733486249
2029,0.0478271712543234,0.033028346339188,0.0020077599315416,0.0063290488730396,0.0063391095959625,-0.0014306657287935,0.0112374927402086,0.439800050458675,Calibración a trayectoria oficial compatible con la meta,Base compatible con la meta,0.436738526651375,-0.006168209001367,-0.0020077599315416,0.0063290488730396,0.0063391095959625,-0.0014306657287935,0.0112374927402086,0.439800050458675,0.0030615238072999,0.0050692837388415,-0.0030615238072999,0.010199949541325
2030,0.0492406667035294,0.0324896951772417,0.002219870331232,0.0054096118408213,0.0064065347029131,-0.0015361505042695,0.0102799960394649,0.440838833631988,Calibración a trayectoria oficial compatible con la meta,Base compatible con la meta,0.439800050458675,-0.0070213425349198,-0.002219870331232,0.0054096118408213,0.0064065347029131,-0.0015361505042695,0.0102799960394649,0.440838833631988,0.001038783173313,0.003258653504545,-0.001038783173313,0.009161166368012
2031,0.051,0.032,0.001,0.005,0.0045,0.0,0.0095,,Supuesto editable,Base compatible con la meta,0.440838833631988,-0.0079694936622337,-0.001,0.005,0.0045,0.0,0.0095,0.4413693399697542,0.0005305063377662456,0.0015305063377662,-0.0005305063377662152,0.0086306600302457
2032,0.051,0.033,0.0015,0.0045,0.004,0.0,0.0085,,Supuesto editable,Base compatible con la meta,0.4413693399697542,-0.0075591323686541,-0.0015,0.0045,0.004,0.0,0.0085,0.4408102076011,-0.0005591323686541805,0.0009408676313458018,0.0005591323686541983,0.0091897923988999
2033,0.051,0.034,0.002,0.004,0.0035,0.0,0.0075,,Supuesto editable,Base compatible con la meta,0.4408102076011,-0.0071301365644325,-0.002,0.004,0.0035,0.0,0.0075,0.4391800710366675,-0.0016301365644325,0.00036986343556742393,0.0016301365644325,0.0108199289633325
2034,0.051,0.035,0.0025,0.0035,0.003,0.0,0.0065,,Supuesto editable,Base compatible con la meta,0.4391800710366675,-0.0066859002251062,-0.0025,0.0035,0.003,0.0,0.0065,0.4364941708115613,-0.0026859002251062,-0.00018590022510624887,0.0026859002251062,0.0135058291884387
2035,0.051,0.036,0.003,0.003,0.0025,0.0,0.0055,,Supuesto editable,Base compatible con la meta,0.4364941708115613,-0.0062296979659118,-0.003,0.003,0.0025,0.0,0.0055,0.4327644728456494,-0.0037296979659118,-0.0007296979659118527,0.0037296979659118,0.0172355271543505
2027,0.0416007991920257,0.0306840149359242,-0.0021974944046083,0.0078141858627845,0.003161772030915,0.0,0.0109759578936996,0.4353095887888026,Trayectoria oficial con gasto comprometido,Gasto comprometido (oficial),0.4266073120030568,-0.0044711755125623,0.0021974944046083,0.0078141858627845,0.003161772030915,0.0,0.0109759578936996,0.4353095887888026,0.0087022767857457,0.0065047823811373,-0.0087022767857456,0.0146904112111974
2028,0.0459652303136017,0.0319569544969263,-0.0034117582815742,0.0071524197144158,0.0053845026022037,0.0,0.0125369223166196,0.4454283081142219,Trayectoria oficial con gasto comprometido,Gasto comprometido (oficial),0.4353095887888026,-0.0058299612727747,0.0034117582815742,0.0071524197144158,0.0053845026022037,0.0,0.0125369223166196,0.4454283081142219,0.0101187193254193,0.0067069610438449,-0.0101187193254192,0.0045716918857781
2029,0.0478271712543234,0.0323840022179491,-0.0011072112365116,0.0063290488730396,0.0063391095959625,0.0,0.0126681584690022,0.4526388312071406,Trayectoria oficial con gasto comprometido,Gasto comprometido (oficial),0.4454283081142219,-0.0065648466125952,0.0011072112365116,0.0063290488730396,0.0063391095959625,0.0,0.0126681584690022,0.4526388312071406,0.0072105230929186,0.006103311856407,-0.0072105230929186,-0.0026388312071405
2030,0.0492406667035294,0.031568147921005,0.0020645252744134,0.0054096118408213,0.0064065347029131,0.0,0.0118161465437344,0.4547665883811632,Trayectoria oficial con gasto comprometido,Gasto comprometido (oficial),0.4526388312071406,-0.0076238640952984,-0.0020645252744134,0.0054096118408213,0.0064065347029131,0.0,0.0118161465437344,0.4547665883811632,0.0021277571740226,0.004192282448436,-0.0021277571740225,-0.0047665883811632
2027,0.0316007991920257,0.0306840149359242,0.0007856745519935655,0.0078141858627845,0.003161772030915,-0.0004062496008887528,0.0105697082928109,0.431920170231312,Calibración a trayectoria oficial compatible con la meta,Menor crecimiento,0.426607312003057,-0.00037912617699455793,-0.0007856745519935655,0.0078141858627845,0.003161772030915,-0.0004062496008887528,0.0105697082928109,0.4360122195668798,0.0094049075638228,0.0101905821158163,-0.0094049075638228,0.0139877804331201
2028,0.0359652303136017,0.0322077311498313,0.0010163526236228,0.0071524197144158,0.0053845026022037,-0.00102120093279,0.0115157213838296,0.436738526651375,Calibración a trayectoria oficial compatible con la meta,Menor crecimiento,0.4360122195668798,-0.0015814387418391,-0.0010163526236228,0.0071524197144158,0.0053845026022037,-0.00102120093279,0.0115157213838296,0.4449301495852474,0.0089179300183676,0.0099342826419904,-0.0089179300183676,0.0050698504147525
2029,0.0378271712543234,0.033028346339188,0.0020077599315416,0.0063290488730396,0.0063391095959625,-0.0014306657287935,0.0112374927402086,0.439800050458675,Calibración a trayectoria oficial compatible con la meta,Menor crecimiento,0.4449301495852474,-0.0020573193171884,-0.0020077599315416,0.0063290488730396,0.0063391095959625,-0.0014306657287935,0.0112374927402086,0.4521025630767259,0.0071724134914785,0.0091801734230201,-0.0071724134914785,-0.0021025630767259
2030,0.0392406667035294,0.0324896951772417,0.002219870331232,0.0054096118408213,0.0064065347029131,-0.0015361505042695,0.0102799960394649,0.440838833631988,Calibración a trayectoria oficial compatible con la meta,Menor crecimiento,0.4521025630767259,-0.0029368861593667,-0.002219870331232,0.0054096118408213,0.0064065347029131,-0.0015361505042695,0.0102799960394649,0.4572258026255921,0.0051232395488661,0.0073431098800981,-0.0051232395488661,-0.007225802625592
2031,0.0409999999999999,0.032,0.001,0.005,0.0045,0.0,0.0095,,Supuesto editable,Menor crecimiento,0.4572258026255921,-0.003952960829616,-0.001,0.005,0.0045,0.0,0.0095,0.461772841795976,0.0045470391703839,0.0055470391703839,-0.0045470391703839,-0.011772841795976
2032,0.0409999999999999,0.033,0.0015,0.0045,0.004,0.0,0.0085,,Supuesto editable,Menor crecimiento,0.461772841795976,-0.0035486865844071,-0.0015,0.0045,0.004,0.0,0.0085,0.4652241552115689,0.0034513134155929,0.0049513134155928,-0.0034513134155928,-0.0152241552115689
2033,0.0409999999999999,0.034,0.002,0.004,0.0035,0.0,0.0075,,Supuesto editable,Menor crecimiento,0.4652241552115689,-0.0031283084404235,-0.002,0.004,0.0035,0.0,0.0075,0.4675958467711453,0.0023716915595763,0.0043716915595764,-0.0023716915595764,-0.0175958467711453
2034,0.0409999999999999,0.035,0.0025,0.0035,0.003,0.0,0.0065,,Supuesto editable,Menor crecimiento,0.4675958467711453,-0.0026950769266348,-0.0025,0.0035,0.003,0.0,0.0065,0.4689007698445105,0.0013049230733651,0.0038049230733651,-0.0013049230733651,-0.0189007698445105
2035,0.0409999999999999,0.036,0.003,0.003,0.0025,0.0,0.0055,,Supuesto editable,Menor crecimiento,0.4689007698445105,-0.0022521650809054,-0.003,0.003,0.0025,0.0,0.0055,0.4691486047636051,0.0002478349190945805,0.0032478349190945,-0.00024783491909459963,-0.019148604763605
2027,0.0416007991920257,0.0344340149359242,0.0007856745519935655,0.0078141858627845,0.003161772030915,-0.0004062496008887528,0.010569708292810747,0.431920170231312,Calibración a trayectoria oficial compatible con la meta,Mayor tasa de interés,0.426607312003057,-0.002935292071178303,-0.0007856745519935655,0.0078141858627845,0.003161772030915,-0.0004062496008887528,0.010569708292810747,0.43345605367269585,0.006848741669638836,0.007634416221632443,-0.0068487416696388775,0.01654394632730416
2028,0.0459652303136017,0.038770231149831295,0.0010163526236228,0.0071524197144158,0.0053845026022037,-0.00102120093279,0.0115157213838295,0.436738526651375,Calibración a trayectoria oficial compatible con la meta,Mayor tasa de interés,0.43345605367269585,-0.002981663112043667,-0.0010163526236228,0.0071524197144158,0.0053845026022037,-0.00102120093279,0.0115157213838295,0.44097375932085886,0.007517705648163009,0.008534058271785834,-0.007517705648163034,0.009026240679141151
2029,0.0478271712543234,0.04170022133918799,0.0020077599315416,0.0063290488730396,0.0063391095959625,-0.0014306657287935,0.0112374927402086,0.439800050458675,Calibración a trayectoria oficial compatible con la meta,Mayor tasa de interés,0.44097375932085886,-0.00257850169509698,-0.0020077599315416,0.0063290488730396,0.0063391095959625,-0.0014306657287935,0.0112374927402086,0.4476249904344288,0.0066512311135699664,0.008658991045111619,-0.0066512311135700185,0.0023750095655711845
2030,0.0492406667035294,0.0427436014272417,0.002219870331232,0.0054096118408213,0.0064065347029131,-0.0015361505042695,0.010279996039464901,0.440838833631988,Calibración a trayectoria oficial compatible con la meta,Mayor tasa de interés,0.4476249904344288,-0.002771765215017032,-0.002219870331232,0.0054096118408213,0.0064065347029131,-0.0015361505042695,0.010279996039464901,0.4529133509276447,0.005288360493215849,0.007508230824447869,-0.005288360493215869,-0.0029133509276446645
2031,0.051,0.043440429687500004,0.001,0.005,0.0045,0.0,0.0095,,Supuesto editable,Mayor tasa de interés,0.4529133509276447,-0.0032576882224619507,-0.001,0.005,0.0045,0.0,0.0095,0.4581556627051827,0.0052423117775380335,0.006242311777538049,-0.005242311777538049,-0.008155662705182698
2032,0.051,0.045330322265625,0.0015,0.0045,0.004,0.0,0.0085,,Supuesto editable,Mayor tasa de interés,0.4581556627051827,-0.0024715461081992436,-0.0015,0.0045,0.004,0.0,0.0085,0.4626841165969835,0.004528453891800788,0.006028453891800757,-0.0045284538918007565,-0.012684116596983486
2033,0.051,0.04699774169921875,0.002,0.004,0.0035,0.0,0.0075,,Supuesto editable,Mayor tasa de interés,0.4626841165969835,-0.0017619232600284585,-0.002,0.004,0.0035,0.0,0.0075,0.46642219333695506,0.003738076739971563,0.0057380767399715414,-0.0037380767399715414,-0.01642219333695505
2034,0.051,0.048498306274414066,0.0025,0.0035,0.003,0.0,0.006500000000000001,,Supuesto editable,Mayor tasa de interés,0.46642219333695506,-0.0011102240480923883,-0.0025,0.0035,0.003,0.0,0.006500000000000001,0.46931196928886265,0.0028897759519075916,0.005389775951907612,-0.002889775951907612,-0.01931196928886264
2035,0.051,0.04987372970581054,0.003,0.003,0.0025,0.0,0.0055,,Supuesto editable,Mayor tasa de interés,0.46931196928886265,-0.000502923053965359,-0.003,0.003,0.0025,0.0,0.0055,0.4713090462348973,0.001997076946034626,0.004997076946034641,-0.001997076946034641,-0.021309046234897266
2027,0.0416007991920257,0.0306840149359242,-0.0022143254480064,0.0078141858627845,0.003161772030915,-0.0004062496008887528,0.0105697082928109,0.431920170231312,Calibración a trayectoria oficial compatible con la meta,Menor esfuerzo fiscal,0.426607312003057,-0.0044711755125623,0.0022143254480064,0.0078141858627845,0.003161772030915,-0.0004062496008887528,0.0105697082928109,0.434920170231312,0.008312858228255,0.0060985327802485,-0.0083128582282549,0.0150798297686879
2028,0.0459652303136017,0.0322077311498313,-0.0019836473763771,0.0071524197144158,0.0053845026022037,-0.00102120093279,0.0115157213838296,0.436738526651375,Calibración a trayectoria oficial compatible con la meta,Menor esfuerzo fiscal,0.434920170231312,-0.0057204711063581,0.0019836473763771,0.0071524197144158,0.0053845026022037,-0.00102120093279,0.0115157213838296,0.4426990678851606,0.0077788976538485,0.0057952502774714,-0.0077788976538486,0.0073009321148393
2029,0.0478271712543234,0.033028346339188,-0.000992240068458391,0.0063290488730396,0.0063391095959625,-0.0014306657287935,0.0112374927402086,0.439800050458675,Calibración a trayectoria oficial compatible con la meta,Menor esfuerzo fiscal,0.4426990678851606,-0.0062523917831636,0.000992240068458391,0.0063290488730396,0.0063391095959625,-0.0014306657287935,0.0112374927402086,0.4486764089106639,0.0059773410255033,0.0049851009570449,-0.0059773410255033,0.001323591089336
2030,0.0492406667035294,0.0324896951772417,-0.0007801296687679369,0.0054096118408213,0.0064065347029131,-0.0015361505042695,0.0102799960394649,0.440838833631988,Calibración a trayectoria oficial compatible con la meta,Menor esfuerzo fiscal,0.4486764089106639,-0.0071630522802669,0.0007801296687679369,0.0054096118408213,0.0064065347029131,-0.0015361505042695,0.0102799960394649,0.4525734823386299,0.0038970734279659,0.0031169437591979,-0.0038970734279658,-0.0025734823386298
2031,0.051,0.032,-0.002,0.005,0.0045,0.0,0.0095,,Supuesto editable,Menor esfuerzo fiscal,0.4525734823386299,-0.0081816328871873,0.002,0.005,0.0045,0.0,0.0095,0.4558918494514425,0.0033183671128126,0.0013183671128126,-0.0033183671128126,-0.0058918494514424
2032,0.051,0.033,-0.0015,0.0045,0.004,0.0,0.0085,,Supuesto editable,Menor esfuerzo fiscal,0.4558918494514425,-0.0078078527974557,0.0015,0.0045,0.004,0.0,0.0085,0.4580839966539868,0.0021921472025442,0.0006921472025442901,-0.0021921472025442,-0.0080839966539867
2033,0.051,0.034,-0.001,0.004,0.0035,0.0,0.0075,,Supuesto editable,Menor esfuerzo fiscal,0.4580839966539868,-0.0074095413350311,0.001,0.004,0.0035,0.0,0.0075,0.4591744553189557,0.0010904586649688,9.045866496887756e-05,-0.0010904586649688,-0.0091744553189556
2034,0.051,0.035,-0.0005,0.0035,0.003,0.0,0.0065,,Supuesto editable,Menor esfuerzo fiscal,0.4591744553189557,-0.0069902866651791,0.0005,0.0035,0.003,0.0,0.0065,0.4591841686537765,9.713334820860007e-06,-0.0004902866651791422,-9.71333482085784e-06,-0.0091841686537765
2035,0.051,0.036,0.0,0.003,0.0025,0.0,0.0055,,Supuesto editable,Menor esfuerzo fiscal,0.4591841686537765,-0.0065535323785029,-0.0,0.003,0.0025,0.0,0.0055,0.4581306362752736,-0.0010535323785029,-0.0010535323785029,0.0010535323785029,-0.0081306362752736
2027,0.0316007991920257,0.0344340149359242,-0.004214325448006435,0.0078141858627845,0.005661772030915,-0.0004062496008887528,0.013069708292810747,0.431920170231312,Calibración a trayectoria oficial compatible con la meta,Combinación adversa,0.426607312003057,0.0011716456150245792,0.004214325448006435,0.0078141858627845,0.005661772030915,-0.0004062496008887528,0.013069708292810747,0.44506299135889876,0.018455679355841748,0.014241353907835326,-0.01845567935584176,0.004937008641101248
2028,0.0359652303136017,0.038770231149831295,-0.0039836473763772,0.0071524197144158,0.0078845026022037,-0.00102120093279,0.0140157213838295,0.436738526651375,Calibración a trayectoria oficial compatible con la meta,Combinación adversa,0.44506299135889876,0.0012050617399181971,0.0039836473763772,0.0071524197144158,0.0078845026022037,-0.00102120093279,0.0140157213838295,0.46426742185902364,0.01920443050012488,0.015220783123747696,-0.019204430500124894,-0.014267421859023632
2029,0.037827171254323395,0.04170022133918799,-0.0029922400684584,0.0063290488730396,0.0088391095959625,-0.0014306657287935,0.013737492740208598,0.439800050458675,Calibración a trayectoria oficial compatible con la meta,Combinación adversa,0.46426742185902364,0.0017325919261274724,0.0029922400684584,0.0063290488730396,0.0088391095959625,-0.0014306657287935,0.013737492740208598,0.48272974659381807,0.018462324734794422,0.01547008466633607,-0.01846232473479447,-0.032729746593818054
2030,0.039240666703529395,0.0427436014272417,-0.0027801296687680003,0.0054096118408213,0.0089065347029131,-0.0015361505042695,0.0127799960394649,0.440838833631988,Calibración a trayectoria oficial compatible con la meta,Combinación adversa,0.48272974659381807,0.0016271214605911083,0.0027801296687680003,0.0054096118408213,0.0089065347029131,-0.0015361505042695,0.0127799960394649,0.4999169937626421,0.017187247168824027,0.014407117500056008,-0.017187247168824006,-0.04991699376264208
2031,0.040999999999999995,0.043440429687500004,-0.004,0.005,0.006999999999999999,0.0,0.012,,Supuesto editable,Combinación adversa,0.4999169937626421,0.001171961837525539,0.004,0.005,0.006999999999999999,0.0,0.012,0.5170889556001677,0.017171961837525562,0.01317196183752554,-0.01717196183752554,-0.06708895560016764
2032,0.040999999999999995,0.045330322265625,-0.0035,0.0045,0.006500000000000001,0.0,0.011,,Supuesto editable,Combinación adversa,0.5170889556001677,0.0021509719670933258,0.0035,0.0045,0.006500000000000001,0.0,0.011,0.533739927567261,0.01665097196709331,0.013150971967093325,-0.016650971967093326,-0.08373992756726095
2033,0.040999999999999995,0.04699774169921875,-0.003,0.004,0.006,0.0,0.01,,Supuesto editable,Combinación adversa,0.533739927567261,0.0030751529491913534,0.003,0.004,0.006,0.0,0.01,0.5498150805164523,0.016075152949191374,0.013075152949191354,-0.016075152949191353,-0.09981508051645233
2034,0.040999999999999995,0.048498306274414066,-0.0025,0.0035,0.0055,0.0,0.009,,Supuesto editable,Combinación adversa,0.5498150805164523,0.003960309191166142,0.0025,0.0035,0.0055,0.0,0.009,0.5652753897076185,0.015460309191166144,0.012960309191166142,-0.015460309191166142,-0.11527538970761847
2035,0.040999999999999995,0.04987372970581054,-0.002,0.003,0.005,0.0,0.008,,Supuesto editable,Combinación adversa,0.5652753897076185,0.004818540843047157,0.002,0.003,0.005,0.0,0.008,0.5800939305506656,0.014818540843047123,0.012818540843047156,-0.014818540843047156,-0.1300939305506656
